COUNTY,2023 Tiers
ALAMANCE,2
ALEXANDER,2
ALLEGHANY,2
ANSON,1
ASHE,2
AVERY,2
BEAUFORT,1
BERTIE,1
BLADEN,1
BRUNSWICK,3
BUNCOMBE,3
BURKE,2
CABARRUS,3
CALDWELL,2
CAMDEN,3
CARTERET,3
CASWELL,1
CATAWBA,2
CHATHAM,3
CHEROKEE,1
CHOWAN,1
CLAY,2
CLEVELAND,2
COLUMBUS,1
CRAVEN,2
CUMBERLAND,1
CURRITUCK,3
DARE,2
DAVIDSON,2
DAVIE,3
DUPLIN,1
DURHAM,3
EDGECOMBE,1
FORSYTH,2
FRANKLIN,2
GASTON,2
GATES,1
GRAHAM,1
GRANVILLE,2
GREENE,1
GUILFORD,2
HALIFAX,1
HARNETT,2
HAYWOOD,2
HENDERSON,3
HERTFORD,1
HOKE,1
HYDE,1
IREDELL,3
JACKSON,2
JOHNSTON,3
JONES,1
LEE,2
LENOIR,1
LINCOLN,3
MACON,2
MADISON,2
MARTIN,1
MCDOWELL,2
MECKLENBURG,3
MITCHELL,1
MONTGOMERY,2
MOORE,3
NASH,1
NEW HANOVER,3
NORTHAMPTON,1
ONSLOW,1
ORANGE,3
PAMLICO,2
PASQUOTANK,1
PENDER,3
PERQUIMANS,2
PERSON,2
PITT,1
POLK,2
RANDOLPH,2
RICHMOND,1
ROBESON,1
ROCKINGHAM,1
ROWAN,2
RUTHERFORD,1
SAMPSON,1
SCOTLAND,1
STANLY,2
STOKES,2
SURRY,2
SWAIN,2
TRANSYLVANIA,2
TYRRELL,1
UNION,3
VANCE,1
WAKE,3
WARREN,1
WASHINGTON,1
WATAUGA,2
WAYNE,1
WILKES,1
WILSON,1
YADKIN,2
YANCEY,2
